<!-- This file contain patch Metadata -->
<results md5_sum="19d5cdfc6906b6aa8326a9b889dde76a">
  <generated_date in_epoch_ms="1633317304000">2021-10-04 03:15:04</generated_date>
  <patch has_prereqs="y" has_postreqs="n" is_system_patch="n"> 
    <bug> 
      <number>28968211</number>
      <abstract><![CDATA[SR20.1HCACHE_RECKEEPABTCIM - TRC - KPDBOPENARCHIVE - ORA-600 [KPDBOPENARCHIVE :]]></abstract>
    </bug> 
    <name>28968211</name>
    <type>Patch</type>
    <status>Available</status>
    <access id="m">Open access</access> 
    <url> 
      <patch_readme host="https://updates.oracle.com"><![CDATA[/Orion/Services/download?type=readme&aru=24445433]]></patch_readme> 
      <patch_details><![CDATA[/download/28968211.html]]></patch_details>
    </url> 
    <request_id>24445433</request_id>
    <product id="9480" bugdb_id="5"><![CDATA[Oracle Database Family]]></product> 
    <release id="60000000010115200714211" name="19.8.0.0.0DBRU" platform_patch_not_required="Y" psu="Y" cc="Y"><![CDATA[Oracle Database 19.8.0.0.0 DBRU]]></release> 
    <platform id="226" bugdb_id="226"><![CDATA[Linux x86-64]]></platform> 
    <language id="0" iso_code="EN"><![CDATA[American English]]></language> 
    <translations_available>No</translations_available> 
    <classification id="174">General</classification> 
    <patch_classification id="174">General</patch_classification> 
    <support_level id="G">General Support</support_level> 
    <entitlements> 
      <entitlement code="SW"/> 
    </entitlements> 
    <patch_relationships> 
      <related_patch> 
        <bug> 
          <number>31281355</number>
          <abstract><![CDATA[DATABASE RELEASE UPDATE 19.8.0.0.0]]></abstract>
        </bug> 
        <relation_types> 
          <relation_type>Prereq</relation_type> 
        </relation_types> 
        <name>31281355</name>
        <type>Patch</type>
        <patch_details><![CDATA[/Orion/Services/search?bug=31281355&release=600000000101150]]></patch_details>
      </related_patch> 
    </patch_relationships> 
    <fixes_bugs truncated="no"> 
      <bug> 
        <number>28968211</number>
        <abstract><![CDATA[SR20.1HCACHE_RECKEEPABTCIM - TRC - KPDBOPENARCHIVE - ORA-600 [KPDBOPENARCHIVE :]]></abstract>
      </bug> 
    </fixes_bugs> 
    <size>90075</size>
    <files> 
      <file> 
        <name>p28968211_198000DBRU_Linux-x86-64.zip</name>
        <size>90075</size>
        <download_url host="https://updates.oracle.com"><![CDATA[/Orion/Services/download/p28968211_198000DBRU_Linux-x86-64.zip?aru=24445433&patch_file=p28968211_198000DBRU_Linux-x86-64.zip]]></download_url> 
        <digest type="SHA-1">4CD3B7E6DD3B1B501108B6E3F9378A89C78D39EE</digest> 
        <digest type="SHA-256">9733712B5E8542E30E1CAA62225A977784C0C3478F11BBB9A0248A3669D0B147</digest> 
      </file> 
    </files> 
    <downloads_count>0</downloads_count>
    <updated_date in_epoch_ms="1633317106000">2021-10-04 03:11:46</updated_date> 
    <released_date in_epoch_ms="1597731445000">2020-08-18 06:17:25</released_date> 
    <prereqs>
      <prereq install_step="1">
        <bug> 
          <number>31281355</number>
          <abstract><![CDATA[DATABASE RELEASE UPDATE 19.8.0.0.0]]></abstract>
        </bug> 
        <name>31281355</name>
        <type>Patch</type>
        <status>Available</status>
        <access id="d">Password protected</access> 
        <request_id>23688465</request_id>
        <product id="9480" bugdb_id="5"><![CDATA[Oracle Database]]></product> 
        <release id="600000000101150" name="19.0.0.0.0" platform_patch_not_required="Y"><![CDATA[Oracle Database 19.0.0.0.0]]></release> 
        <platform id="226" bugdb_id="226"><![CDATA[Linux x86-64]]></platform> 
        <language id="0" iso_code="EN"><![CDATA[American English]]></language> 
        <entitlements> 
          <entitlement code="SW"/> 
        </entitlements> 
        <files> 
          <file> 
            <name>p31281355_190000_Linux-x86-64.zip</name>
            <size>1358248745</size>
            <download_url host="https://updates.oracle.com"><![CDATA[/Orion/Services/download/p31281355_190000_Linux-x86-64.zip?aru=23688465&patch_file=p31281355_190000_Linux-x86-64.zip]]></download_url> 
            <digest type="SHA-256">12348FCB5486F0C604C772B45AAC7FE970FA7891B8BA6A25FB0ED392EE92349F</digest> 
            <digest type="SHA-1">A3087BC874A0A39B0E1C094FB73D0B06D2D23247</digest> 
          </file> 
        </files> 
      </prereq> 
    </prereqs>
  </patch> 
</results>
